id,conversation_id,created_at,date,time,timezone,user_id,username,name,place,tweet,language,mentions,urls,photos,replies_count,retweets_count,likes_count,hashtags,cashtags,link,retweet,quote_url,video,thumbnail,near,geo,source,user_rt_id,user_rt,retweet_id,reply_to,retweet_date,translate,trans_src,trans_dest
1464032308214730755,1464032308214730755,2021-11-25 19:44:37 EST,2021-11-25,19:44:37,-0500,3265583034,aseannewstoday,Asean News Today,,"Almost two years after testing positive for #COVID19 after arriving in #Singapore and not informing contact tracers about their full situation, a man and woman from #Wuhan have been given a jail term.   https://t.co/ew3D7dL5Lm",en,[],['https://www.channelnewsasia.com/singapore/china-couple-hu-jun-shi-sha-jail-covid-contact-tracing-2333586'],[],0,0,0,"['covid19', 'singapore', 'wuhan']",[],https://twitter.com/AseanNewsToday/status/1464032308214730755,False,,0,,,,,,,,[],,,,
1464032306180599812,1464032306180599812,2021-11-25 19:44:36 EST,2021-11-25,19:44:36,-0500,292619181,scarletmonahan,scarlet monahan,,Boris Johnson BREAKING NEWS  https://t.co/kdX8YkYtYm  #lockdown #covid19 #covid19UK  #voteofnoconfidence #StayTheFHome #covid #Covid19 #coronavirus #Covid_19 2,en,[],[],[],0,0,0,"['lockdown', 'covid19', 'covid19uk', 'voteofnoconfidence', 'staythefhome', 'covid', 'covid19', 'coronavirus', 'covid_19']",[],https://twitter.com/scarletmonahan/status/1464032306180599812,False,,1,https://pbs.twimg.com/ext_tw_video_thumb/1303071326966632453/pu/img/fsCMCc4q6b9Viva1.jpg,,,,,,,[],,,,
1464032299507408901,1464032299507408901,2021-11-25 19:44:35 EST,2021-11-25,19:44:35,-0500,30251277,chipmcdonald,chip mcdonald,,"#B11529   Just in time for people traveling during the holidays, idiotically uncaring of airborne contagion or implications.     #COVID19  #WearAMask  #GetVaccinated  #lockdown",en,[],[],[],0,0,0,"['b11529', 'covid19', 'wearamask', 'getvaccinated', 'lockdown']",[],https://twitter.com/chipmcdonald/status/1464032299507408901,False,https://twitter.com/fitterhappierAJ/status/1464025385050517507,0,,,,,,,,[],,,,
1464032284281954306,1463978550743248899,2021-11-25 19:44:31 EST,2021-11-25,19:44:31,-0500,780552630644781057,janncorbett,Jann Corbett,,"@Xelasc4 @DrEricDing The the German health minister said with regards to Covid-19, ""you're either vaccinated, recovering or dead"". That is/will be the reality. Coddle time is over.",en,[],[],[],0,0,0,[],[],https://twitter.com/JannCorbett/status/1464032284281954306,False,,0,,,,,,,,"[{'screen_name': 'Xelasc4', 'name': 'Alejandro is fully-vaccinated!!!', 'id': '907665784289116160'}, {'screen_name': 'DrEricDing', 'name': 'Eric Feigl-Ding', 'id': '18831926'}]",,,,
1464032273305636867,1464032273305636867,2021-11-25 19:44:29 EST,2021-11-25,19:44:29,-0500,1058500273705046017,wgabrijr,wgabrijr,,ParabÃ©ns Presidente cadÃª o @STF_oficial @eduardopaes @claudiocastroRJ @jdoriajr  Quem serÃ¡ o responsÃ¡vel pelas Mortes de Covid 19 POS Carnaval ?,pt,"[{'screen_name': 'stf_oficial', 'name': 'stf', 'id': '68313718'}, {'screen_name': 'eduardopaes', 'name': 'eduardo paes', 'id': '48298703'}, {'screen_name': 'claudiocastrorj', 'name': 'clÃ¡udio castro', 'id': '74792468'}, {'screen_name': 'jdoriajr', 'name': 'joÃ£o doria', 'id': '64706049'}]",[],[],0,0,0,[],[],https://twitter.com/wgabrijr/status/1464032273305636867,False,https://twitter.com/AlanLopesRio/status/1463906903562629123,0,,,,,,,,[],,,,
1464032268071186432,1463954776249536517,2021-11-25 19:44:27 EST,2021-11-25,19:44:27,-0500,1268071333,jonnosheridan,#HellomynameisJohn RN,,"@DonnaWakefield_ @PoetrySiobhan @drSallyBD @OpenUniversity @NTeesHpoolNHSFT @MellytheMac Whoop this is awesome news!!! Massive congratulations to you all for this amazing piece of work, &amp; to the awesome frontline clinical staff who shared their heartfelt lived experience of the #COVID19 #pandemic through #creativewriting   #ImproveEOLC @Pers_Care @teamCNO_ #Wellbeing",en,"[{'screen_name': 'pers_care', 'name': 'personalised care', 'id': '3074778509'}, {'screen_name': 'teamcno_', 'name': 'teamcno ğŸ’™', 'id': '569003724'}]",[],[],0,0,0,"['covid19', 'pandemic', 'creativewriting', 'improveeolc', 'wellbeing']",[],https://twitter.com/JonnoSheridan/status/1464032268071186432,False,,0,,,,,,,,"[{'screen_name': 'DonnaWakefield_', 'name': 'Donna Wakefield', 'id': '1095085046669684736'}, {'screen_name': 'PoetrySiobhan', 'name': 'Siobhan Campbell', 'id': '2241576666'}, {'screen_name': 'drSallyBD', 'name': 'Dr. Sally Blackburn-Daniels', 'id': '301382406'}, {'screen_name': 'OpenUniversity', 'name': 'The Open University', 'id': '14049061'}, {'screen_name': 'NTeesHpoolNHSFT', 'name': 'North Tees and Hartlepool NHS Foundation Trust', 'id': '174626277'}, {'screen_name': 'MellytheMac', 'name': 'Mel McEvoy', 'id': '874114003'}]",,,,
1464032266246574080,1464032266246574080,2021-11-25 19:44:27 EST,2021-11-25,19:44:27,-0500,1253019216824991745,lippia4,Popi Xatzigianni-Phyla nodiflora,,Î‘Î½ Ï€Î¬Î¼Îµ ÏƒÎµ Î»Î¿ÎºÎ½Ï„Î±Î¿Ï…Î½ Î¸Î­Î»Ï‰ Î½Î± Î½Î±Î¹ ÏƒÎ±Î½ Î±Ï…Ï„ÏŒ Ï€Î¬Î»Î¹ #Î»Î¿ÎºÎ½Ï„Î±Î¿Ï…Î½ #ÎºÎ¿ÏÎ¿Î½Î¿Î¹Î¿Ï‚ #ÎºÏÎ¿Ï…ÏƒÎ¼Î±Ï„Î± #Greece #Covid_19 #vaccination  Greek PM accused of breaking lockdown rules  https://t.co/vOVNjowuhq,und,[],['https://www.politico.eu/article/greece-prime-minister-accused-of-breaking-coronavirus-lockdown-rules/'],[],0,0,0,"['Î»Î¿ÎºÎ½Ï„Î±Î¿Ï…Î½', 'ÎºÎ¿ÏÎ¿Î½Î¿Î¹Î¿Ï‚', 'ÎºÏÎ¿Ï…ÏƒÎ¼Î±Ï„Î±', 'greece', 'covid_19', 'vaccination']",[],https://twitter.com/Lippia4/status/1464032266246574080,False,,0,,,,,,,,[],,,,
1464032260391276575,1463879647742115846,2021-11-25 19:44:25 EST,2021-11-25,19:44:25,-0500,1289744977338101761,utc19longhaul,Utah COVID-19 Long Haulers,,@KRNV I hope they are aware of MECFS (chronic fatigue syndrome) and that lots of Long haulers are ending up with similar symptoms symptoms and itâ€™s not something you want to exercise your way out of. Pacing is key! Otherwise you can make the patients worse.,en,[],[],[],0,0,0,[],[],https://twitter.com/UTc19LongHaul/status/1464032260391276575,False,,0,,,,,,,,"[{'screen_name': 'KRNV', 'name': 'KRNV', 'id': '17602680'}]",,,,
1464032252812091393,1464032252812091393,2021-11-25 19:44:24 EST,2021-11-25,19:44:24,-0500,780613709290885121,paulkolyer,Paul Kolyer,,Britain alarmed by new COVID-19 variant spreading in South Africa | Reuters  https://t.co/QHwMPoYSWi,en,[],['https://www.reuters.com/business/healthcare-pharmaceuticals/uk-flags-concern-over-newly-identified-coronavirus-variant-2021-11-25/'],[],0,0,0,[],[],https://twitter.com/PaulKolyer/status/1464032252812091393,False,,0,,,,,,,,[],,,,
1464032245270794242,1464032245270794242,2021-11-25 19:44:22 EST,2021-11-25,19:44:22,-0500,1433748871692226565,biancaj65449357,Bianca Johnson,,"SHUT UP YOUR MOUTH, DON'T MAKE FAKE NEWS ABOUT COVID-19",en,[],[],[],0,0,0,[],[],https://twitter.com/BiancaJ65449357/status/1464032245270794242,False,,0,,,,,,,,[],,,,
1464032244679413770,1464032244679413770,2021-11-25 19:44:22 EST,2021-11-25,19:44:22,-0500,1902330746,usembassysuva,U.S. Embassy Suva,,"The United States is committed to ending #COVID19 around the world. Winning the battle against COVID-19 requires global effort with people from all faiths, religions, and backgrounds working together to vaccinate and educate.   #Repost from @StateDept  https://t.co/9r4l4Gm4Qr",en,"[{'screen_name': 'statedept', 'name': 'department of state', 'id': '9624742'}]",[],[],0,0,0,"['covid19', 'repost']",[],https://twitter.com/USEmbassySuva/status/1464032244679413770,False,,1,https://pbs.twimg.com/ext_tw_video_thumb/1464031859122212869/pu/img/m1qfxgD7hrpD1vRP.jpg,,,,,,,[],,,,
1464032243056263181,1464032243056263181,2021-11-25 19:44:21 EST,2021-11-25,19:44:21,-0500,45222234,mpondz,Litha Mpondwana,,"Where is the logic. South African scientists yet again discover a Covid-19 variant which could be present in many other countries. The response, again? Some countries tighten travel restrictions from South Africa and neighboring countries.",en,[],[],[],0,0,0,[],[],https://twitter.com/Mpondz/status/1464032243056263181,False,https://twitter.com/BBCBreaking/status/1463976468363595776,0,,,,,,,,[],,,,
1464032239436587009,1464032239436587009,2021-11-25 19:44:20 EST,2021-11-25,19:44:20,-0500,78687173,eldolardiario,El DÃ³lar Diario ğŸ‡»ğŸ‡ª,,Â¡QUEREMOS VOLVER A LA NORMALIDAD! Â¿CÃ³mo ha sido la evoluciÃ³n en el tratamiento del covid-19?  https://t.co/y78MFkcnl8,es,[],['https://bit.ly/3cOKDpO'],[],0,0,0,[],[],https://twitter.com/eldolardiario/status/1464032239436587009,False,,0,,,,,,,,[],,,,
1464032239348600832,1464032113234173953,2021-11-25 19:44:20 EST,2021-11-25,19:44:20,-0500,541009253,coopergoede,Cooper L. Goede,,Almost nothing has been positive since Amari Cooper tested positive for COVID-19. Been all downhill since then.,en,[],[],[],0,0,0,[],[],https://twitter.com/CooperGoede/status/1464032239348600832,False,,0,,,,,,,,[],,,,
1464032238304055308,1464032238304055308,2021-11-25 19:44:20 EST,2021-11-25,19:44:20,-0500,113826062,fox_chief,FOX_CHIEF@Fully Vaccinated against COVID-19,,ä»Šæ—¥ã‚‚ãƒ‰ãƒªãƒ‘ã‚¹ã§1æ—¥4ç¥¨ã€‚ 12/25ã¯ä»Šå¹´ã ã‘ã‚„ãªã„ã—ä½•ã‚ˆã‚Šã€ã‚¸ãƒ§ã‚¼ã¨è™ã¨é­šãŸã¡ã€ã¯ä¸€å¹´ä¸­å…¨éƒ¨ã®å­£ç¯€ãŒèˆå°ã®æ˜ ç”»ãªã‚“ã‚„ã§ã€‚æ¯›é¦¬æ¡œä¹‹å®®å…¬åœ’ã®æ¡œã®ã¤ã¼ã¿ãŒè†¨ã‚‰ã‚€é ƒã§ã‚‚ãˆãˆã‚„ã‚“ã­ã€‚èŠ±ãŒå’²ãé ƒãªã‚‰é€ å¹£å±€ã®é€šã‚ŠæŠœã‘ã‚‚ã‚ã‚‹ã—ã¿ã‚“ãªæ¥ãŸããªã‚‹ã‚„ã‚ã†ï¼Ÿãªãæ’å¤«ã€‚,ja,[],[],[],0,0,0,[],[],https://twitter.com/FOX_CHIEF/status/1464032238304055308,False,https://twitter.com/kaiinu/status/1463847444782157826,0,,,,,,,,[],,,,
1464032232180494338,1464032232180494338,2021-11-25 19:44:19 EST,2021-11-25,19:44:19,-0500,1177965457438998528,2022voteblue,Never Forget 1/6.,,Singer Bryan Adams tests positive for COVID-19 twice within month  https://t.co/8BxEGinREY,en,[],['https://thehill.com/blogs/in-the-know/in-the-know/583167-singer-bryan-adams-tests-positive-for-covid-19-twice-within'],[],0,0,0,[],[],https://twitter.com/2022voteblue/status/1464032232180494338,False,,0,,,,,,,,[],,,,
1464032222403465222,1464032222403465222,2021-11-25 19:44:16 EST,2021-11-25,19:44:16,-0500,1285833143589711872,halifaxkitty,Halifax Kitty,,"SHUT UP YOUR MOUTH, DON'T MAKE FAKE NEWS ABOUT COVID-19",en,[],[],[],0,0,0,[],[],https://twitter.com/HalifaxKitty/status/1464032222403465222,False,,0,,,,,,,,[],,,,
1464032218020560896,1464032218020560896,2021-11-25 19:44:15 EST,2021-11-25,19:44:15,-0500,1047937107820523521,pinguim_diniz,Pinguim,,"DepressÃ£o, prisÃ£o, cativeiro ou covid 19",pt,[],[],[],1,0,0,[],[],https://twitter.com/Pinguim_Diniz/status/1464032218020560896,False,https://twitter.com/bibiragazzi/status/1463664094595239940,0,,,,,,,,[],,,,
1464032214497349638,1463861712248004613,2021-11-25 19:44:14 EST,2021-11-25,19:44:14,-0500,3156097935,djfridgetwit,Richard Howlett,,"@acgrayling @Bloomberg Ironically, once the pandemic got going, #COVID19 was then an ideal distraction from the effects of #Brexit",en,[],[],[],0,0,0,"['covid19', 'brexit']",[],https://twitter.com/Djfridgetwit/status/1464032214497349638,False,,0,,,,,,,,"[{'screen_name': 'acgrayling', 'name': 'A C Grayling #FBPE 3.5% #Reform #Rejoin #FBPA ğŸŸ', 'id': '44849238'}, {'screen_name': 'Bloomberg', 'name': 'Bloomberg LP', 'id': '104237736'}]",,,,
1464032207111176194,1464032207111176194,2021-11-25 19:44:13 EST,2021-11-25,19:44:13,-0500,1449110471068557319,covidb1tch,Covid19,, https://t.co/3EcOO1bctq,und,[],[],['https://pbs.twimg.com/tweet_video_thumb/FFFJh6-XMAEvWOM.jpg'],0,0,0,[],[],https://twitter.com/CovidB1tch/status/1464032207111176194,False,https://twitter.com/Reuters/status/1464029950793633805,1,https://pbs.twimg.com/tweet_video_thumb/FFFJh6-XMAEvWOM.jpg,,,,,,,[],,,,
1464032203424378885,1233909603898925058,2021-11-25 19:44:12 EST,2021-11-25,19:44:12,-0500,14028152,docsuzy,Susan Bowie #keepwearingyourmasks,,"None of this is good news. A new mutated variant of Covid 19 that is spreading rapidly in RSA, but has already travelled to Hong Kong. #B11529",en,[],[],[],0,0,0,['b11529'],[],https://twitter.com/docsuzy/status/1464032203424378885,False,https://twitter.com/drericding/status/1463925612402429952,0,,,,,,,,[],,,,
1464032201176227841,1464032201176227841,2021-11-25 19:44:11 EST,2021-11-25,19:44:11,-0500,1457478695573237764,cocoapuccincafe,Sadie Grace: Slytherin Princess,,"I am thankful to God for the gift of my life, my family, my friends, and the covid-19 vaccine we finally have for I ur safety, I'm also thankful to God, that the worst side effect I got, was the common sore arm â¤  https://t.co/zAqZrIoYSk",en,[],['https://www.instagram.com/p/CWuCn82AcS3/?utm_medium=twitter'],[],0,0,0,[],[],https://twitter.com/cocoapuccincafe/status/1464032201176227841,False,,0,,,,,,,,[],,,,
1464032198588313600,1464032198588313600,2021-11-25 19:44:11 EST,2021-11-25,19:44:11,-0500,851650406094655488,valencianels0n,Nelson Valencia,,Lo dice el que defraudÃ³ con sus especulaciones sobre el covid-19.,es,[],[],[],0,1,0,[],[],https://twitter.com/ValenciaNels0n/status/1464032198588313600,False,https://twitter.com/FisicoImpuro/status/1463958173639979009,0,,,,,,,,[],,,,
1464032197233500166,1464032197233500166,2021-11-25 19:44:10 EST,2021-11-25,19:44:10,-0500,982984872,liontarakos,âˆ‚â‰ˆâˆ --- âˆ«âˆ«âˆ«âˆ†âˆâˆ‘âˆ«âˆ«âˆ« Ï€âƒœÃ·âƒœÃ—âƒœâ€¢âƒœ|âƒœÂ¶âƒœâˆ†âƒœ$âƒœ%âƒœ|âƒœ+âƒœ,,Stop pretending everything is super cool and the #pandemic is over We got a new contester! Read the freaking thread! (it has pictures that look like tits) #COVID19 #Variant #B11529 #coronavirus #ÎºÎ¿ÏÎ¿Î½Î¿ÏŠÏŒÏ‚ #ÎµÎ¼Î²Î¿Î»Î¹Î±ÏƒÎ¼ÎµÎ½Î¿Î¹ #Î•Î¼Î²Î¿Î»Î¹Î¿ #Î£ÎµÏÎ²ÎµÏ„Î±Î»Î·Ï‚ #BlackFriday #Î•ÎœÎ’ÎŸÎ›Î™Î‘Î£ÎœÎŸÎ™,en,[],[],[],0,0,0,"['pandemic', 'covid19', 'variant', 'b11529', 'coronavirus', 'ÎºÎ¿ÏÎ¿Î½Î¿ÏŠÏŒÏ‚', 'ÎµÎ¼Î²Î¿Î»Î¹Î±ÏƒÎ¼ÎµÎ½Î¿Î¹', 'ÎµÎ¼Î²Î¿Î»Î¹Î¿', 'ÏƒÎµÏÎ²ÎµÏ„Î±Î»Î·Ï‚', 'blackfriday', 'ÎµÎ¼Î²Î¿Î»Î¹Î±ÏƒÎ¼Î¿Î¹']",[],https://twitter.com/liontarakos/status/1464032197233500166,False,https://twitter.com/jburnmurdoch/status/1463956686075580421,0,,,,,,,,[],,,,
1464032196671459337,1464032196671459337,2021-11-25 19:44:10 EST,2021-11-25,19:44:10,-0500,187916494,informativosta,InformativosTA RD,,"#Nacionales I #IsidroTorres, director general de la #CTC, exhortÃ³ a los jÃ³venes a emprender iniciativas que tiendan a resolver problemas sociales, las que considerÃ³ pueden llegar a ser muy lucrativas.   https://t.co/6jEih3u43w  #InformativosTA #NacionalesTA #MP #IDEICE #COVID19",es,[],['https://bit.ly/316mSHA'],[],0,0,0,"['nacionales', 'isidrotorres', 'ctc', 'informativosta', 'nacionalesta', 'mp', 'ideice', 'covid19']",[],https://twitter.com/InformativosTA/status/1464032196671459337,False,,0,,,,,,,,[],,,,
1464032193911476226,922168727457513472,2021-11-25 19:44:10 EST,2021-11-25,19:44:10,-0500,2398660411,1_tmf_,Tim Ferguson,,@SkepticalMutant @Alex_on_A14 @DSrole @ockinger @LisaMarOz @KStateTurk @JustWeeMary @Just4TheCause @pleasetellmeM @_mamadeb @runningrabbit_1 @swedishchf @RadioColor @mcfunny @TonyBaduy @IamTybalt79 @littleLishka @simulxxx @wiguy45 @carlsmythe @Yuchan56293755 @MsTrixter @SmutClyde @crabb_vicki @krebiozen @sergiopoo5 @7hoeve3 @Kathmarval @FormerAntivax @glenpyle @CoryMoelis @TakethatCt @hauxton @DNPP420 @acbwodahs @AndieJillie @provaxtexan @LauraDekker1 @GeoffSchuler @WendyOrent @FrankDElia7 @Rosewind2007 @AndrewLazarus4 @LandmineLenny @GeneTherapy68 @vinnumbskull @PaulVCooper1 @Tawdge @emartinez78987 @bgspence  https://t.co/g76XGJn7dl #CrimesAgainstChildren #CaseAdemic  #CrimesAgainstHumanity #Segregation  #ServeAndProtect  #Treason #CoerciveControl  #Covid19 #COVID19on #Covid19MB #Covid19Sk #Covid19Ab #Covid19Bc #ableg #AbPoli #CndPoli #yeg #yyc  https://t.co/QiY4aiXao3,und,[],['https://stars.library.ucf.edu/cgi/viewcontent.cgi?article=1029&context=jicrcr'],['https://pbs.twimg.com/media/FFFJY01VUAMv92n.jpg'],0,0,0,"['crimesagainstchildren', 'caseademic', 'crimesagainsthumanity', 'segregation', 'serveandprotect', 'treason', 'coercivecontrol', 'covid19', 'covid19on', 'covid19mb', 'covid19sk', 'covid19ab', 'covid19bc', 'ableg', 'abpoli', 'cndpoli', 'yeg', 'yyc']",[],https://twitter.com/1_TMF_/status/1464032193911476226,False,,1,https://pbs.twimg.com/media/FFFJY01VUAMv92n.jpg,,,,,,,"[{'screen_name': 'SkepticalMutant', 'name': 'Dr Anne Condon', 'id': '992581118569332736'}, {'screen_name': 'Alex_on_A14', 'name': 'A14 Alex ........................ **Hello there!**', 'id': '22395793'}, {'screen_name': 'DSrole', 'name': 'Danny Srole', 'id': '993910268701765632'}, {'screen_name': 'ockinger', 'name': 'Johan Brynedal Ã–ckinger', 'id': '414807763'}, {'screen_name': 'LisaMarOz', 'name': 'LisaMarie', 'id': '1079716138513121283'}, {'screen_name': 'KStateTurk', 'name': 'K-State Turk', 'id': '1240416600'}, {'screen_name': 'JustWeeMary', 'name': 'The Wanderer', 'id': '3312762027'}, {'screen_name': 'Just4TheCause', 'name': 'Sentient Sentinel', 'id': '2795342280'}, {'screen_name': 'pleasetellmeM', 'name': 'Mellie Mel', 'id': '1244646997736353793'}, {'screen_name': '_mamadeb', 'name': 'MamaDeb', 'id': '22651995'}, {'screen_name': 'runningrabbit_1', 'name': 'Joe', 'id': '882973090841591808'}, {'screen_name': 'swedishchf', 'name': 'Swedishchef', 'id': '197256293'}, {'screen_name': 'RadioColor', 'name': 'full color', 'id': '2257244914'}, {'screen_name': 'mcfunny', 'name': 'R Marcucio', 'id': '26307708'}, {'screen_name': 'TonyBaduy', 'name': 'Antonio Baduy CÃ¡mara', 'id': '253779553'}, {'screen_name': 'IamTybalt79', 'name': 'Tybalt79', 'id': '1242474029690146818'}, {'screen_name': 'littleLishka', 'name': 'Lishka', 'id': '293214011'}, {'screen_name': 'simulxxx', 'name': 'simulxxx', 'id': '1369399161708306435'}, {'screen_name': 'wiguy45', 'name': 'T', 'id': '3182269440'}, {'screen_name': 'carlsmythe', 'name': 'Carl â€œFast,Sensitive Covid-19 Testâ€ Smythe', 'id': '227117166'}, {'screen_name': 'Yuchan56293755', 'name': 'Yuchan', 'id': '1237846111739506688'}, {'screen_name': 'MsTrixter', 'name': 'Trix', 'id': '2883446518'}, {'screen_name': 'SmutClyde', 'name': 'Smut Clyde, X-Ray Haruspex', 'id': '856451956851621888'}, {'screen_name': 'crabb_vicki', 'name': 'Vicki Allen Crabb', 'id': '1054384752491458560'}, {'screen_name': 'krebiozen', 'name': 'Krebiozen', 'id': '100573645'}, {'screen_name': 'sergiopoo5', 'name': 'Sergio Poo Chavez ğŸ‡²ğŸ‡½', 'id': '339859466'}, {'screen_name': '7hoeve3', 'name': 'Trans - Vaxxed', 'id': '2673452282'}, {'screen_name': 'Kathmarval', 'name': 'Kath', 'id': '560801247'}, {'screen_name': 'FormerAntivax', 'name': 'Back to the Vax, Lydia Greene', 'id': '1257411903753617408'}, {'screen_name': 'glenpyle', 'name': 'Glen Pyle | #VaccinesSaveLives ğŸ’‰', 'id': '408776066'}, {'screen_name': 'CoryMoelis', 'name': 'Cory Moelis', 'id': '22039091'}, {'screen_name': 'TakethatCt', 'name': 'PCR at 1000 cycles', 'id': '806249761422639105'}, {'screen_name': 'hauxton', 'name': 'Bag Carrier', 'id': '39801325'}, {'screen_name': 'DNPP420', 'name': 'D-NPP420âš–ï¸ğŸ—, ğŸš«ğŸ’‰Experimental Biological Agents', 'id': '545569148'}, {'screen_name': 'acbwodahs', 'name': 'Charles A', 'id': '2862225128'}, {'screen_name': 'AndieJillie', 'name': 'La Que Sabe - ""A delicious vaccine-tomato salad""', 'id': '733490998077095937'}, {'screen_name': 'provaxtexan', 'name': 'provaxtexan ğŸ‡ºğŸ‡¸', 'id': '16356624'}, {'screen_name': 'LauraDekker1', 'name': 'Laura Dekker', 'id': '314109253'}, {'screen_name': 'GeoffSchuler', 'name': 'Geoff Schuler, Inventor of â€œGet the f*^%ing vaxâ€', 'id': '2899929414'}, {'screen_name': 'WendyOrent', 'name': '(((Wendy Orent)))', 'id': '1581466506'}, {'screen_name': 'FrankDElia7', 'name': ""Frank D'Elia"", 'id': '823054481311014912'}, {'screen_name': 'Rosewind2007', 'name': 'Rosewind', 'id': '827119753537937408'}, {'screen_name': 'AndrewLazarus4', 'name': 'Andrew Lazarus, retired rÅnin mathematician', 'id': '797942807222697988'}, {'screen_name': 'LandmineLenny', 'name': 'LandmineLenny', 'id': '1899616476'}, {'screen_name': 'GeneTherapy68', 'name': 'Gene Therapy', 'id': '1361730437102637062'}, {'screen_name': 'vinnumbskull', 'name': 'truth', 'id': '348937275'}, {'screen_name': 'PaulVCooper1', 'name': 'Paul Cooper', 'id': '75619779'}, {'screen_name': 'Tawdge', 'name': 'Todd Hodge', 'id': '1013763482'}, {'screen_name': 'emartinez78987', 'name': 'Erin Martinez, M.D., Ph.D.', 'id': '986340214837784576'}, {'screen_name': 'bgspence', 'name': 'bob spence', 'id': '98703195'}]",,,,
1464032193576013830,1464032193576013830,2021-11-25 19:44:10 EST,2021-11-25,19:44:10,-0500,65891900,nineyoii,à¸ªà¸±à¸‡à¸„à¸¡à¸ˆà¸´à¹‰à¸‡à¸ˆà¸­à¸ Sozial Fox ğŸ¦Š,,à¸ªà¸²à¸¢à¸à¸±à¸™à¸˜à¸¸à¹Œà¹ƒà¸«à¸¡à¹ˆà¸”à¸¹à¹€à¸«à¸¡à¸·à¸­à¸™à¸ˆà¸°à¹„à¸¡à¹ˆà¸˜à¸£à¸£à¸¡à¸”à¸²à¸«à¸¡à¸·à¸­à¸™à¸à¸±à¸™ #à¹‚à¸„à¸§à¸´à¸”19 #B11529 #covid19,th,[],[],[],0,0,0,"['à¹‚à¸„à¸§à¸´à¸”19', 'b11529', 'covid19']",[],https://twitter.com/nineyoii/status/1464032193576013830,False,https://twitter.com/EricTopol/status/1463975943257481216,0,,,,,,,,[],,,,
1464032189004275720,1464032189004275720,2021-11-25 19:44:08 EST,2021-11-25,19:44:08,-0500,747684715,forzath1,Tolga Hassan,,"If this new ""variant"" is as transmissible as is being claimed they've got no chance of stopping the spread of it. #Covid19",en,[],[],[],0,0,0,['covid19'],[],https://twitter.com/forzaTH1/status/1464032189004275720,False,,0,,,,,,,,[],,,,
1464032185627856897,1464032185627856897,2021-11-25 19:44:08 EST,2021-11-25,19:44:08,-0500,144081444,boleslawwitczak,BolesÅ‚aw WitczakğŸ‡µğŸ‡±,,W czasie I i II WÅš na prÃ³bÄ™ wystawione byÅ‚y ludzkie charaktery. Katalizatorem byÅ‚a wojna. Obecnie COVID-19 wystawia charaktery ludzi na prÃ³bÄ™. Katalizatorem jest pandemia COVID-19,pl,[],[],[],0,0,0,[],[],https://twitter.com/BoleslawWitczak/status/1464032185627856897,False,,0,,,,,,,,[],,,,
1464032179676409857,1464032179676409857,2021-11-25 19:44:06 EST,2021-11-25,19:44:06,-0500,728894570,iweller_health,iWeller.com,,"Vic vax hubs to close, test demand rises - As COVID-19 vaccination hubs wind down in Victoria, a rise in demand for testing is putting more pressure on the system.Landmark sites... -  https://t.co/dHIUzYVc47  https://t.co/QdkmVKHgDb",en,[],['https://www.iweller.com/coronavirus/vic-vax-hubs-to-close-test-demand-rises/'],['https://pbs.twimg.com/media/FFFJgjgaUAA23zU.jpg'],0,0,0,[],[],https://twitter.com/iWeller_health/status/1464032179676409857,False,,1,https://pbs.twimg.com/media/FFFJgjgaUAA23zU.jpg,,,,,,,[],,,,
1464032167642632192,1464032167642632192,2021-11-25 19:44:03 EST,2021-11-25,19:44:03,-0500,1404276319790133250,akira_kometani,AKIRA KOMETANI,,â€ãŒã‚“å°‚é–€å®¶ã«ã‚ˆã‚‹ã¨ã€è‹±å›½ã§ã¯ã€Œéã‚³ãƒ´ã‚£ãƒ‰æ­»äº¡ã€ãŒæ€¥å¢—ã—ã¦ã„ã‚‹ãŒã€èª°ã‚‚éƒ¨å±‹ã®ä¸­ã®ãƒ¯ã‚¯ãƒãƒ³ã®è±¡ã‚’å‘¼ã³å‡ºãã†ã¨ã¯ã—ãªã„ 11æœˆ25æ—¥ã€€ by: Ethan Huff     ã‚¤ã‚®ãƒªã‚¹ã®éå‰°æ­»äº¡ç‡ã¯æ¡å¤–ã‚Œã«é«˜ã„ãŒã€èª°ã‚‚ã‚³ãƒ­ãƒŠã‚¦ã‚¤ãƒ«ã‚¹ï¼ˆCovid-19ï¼‰ã®ã€Œãƒ¯ã‚¯ãƒãƒ³ã€ãŒåŸå› ã§ã‚ã‚‹ã¨ã¯è¨€ã„ãŸãŒã‚‰ãªã„ã€‚,ja,[],[],[],0,0,0,[],[],https://twitter.com/akira_kometani/status/1464032167642632192,False,,0,,,,,,,,[],,,,
1464032165579034646,1464032165579034646,2021-11-25 19:44:03 EST,2021-11-25,19:44:03,-0500,2818032613,bmicalculatorca,BMICalculator Canada,,South African scientists detect new COVID-19 variant  https://t.co/ZGJb8u7IJg  https://t.co/xptPPYT8ZK,en,[],['http://dlvr.it/SDCTn5'],['https://pbs.twimg.com/media/FFFJfxqVkBAYYZI.jpg'],0,0,0,[],[],https://twitter.com/BMICalculatorCA/status/1464032165579034646,False,,1,https://pbs.twimg.com/media/FFFJfxqVkBAYYZI.jpg,,,,,,,[],,,,
1464032160646668290,1464032160646668290,2021-11-25 19:44:02 EST,2021-11-25,19:44:02,-0500,392895389,marcelambertini,Marcela MarÃ­a Lambertini,,Se ha detectado en #jovenes #COVID-19: la #nuevavariante detectada en SudÃ¡frica muestra un â€œgran salto en la evoluciÃ³nâ€ del virus - Infobae  https://t.co/cXhrrXzp7e,es,[],['https://www.infobae.com/america/the-new-york-times/2021/11/25/covid-19-la-nueva-variante-detectada-en-sudafrica-muestra-un-gran-salto-en-la-evolucion-del-virus/'],[],0,0,0,"['jovenes', 'covid', 'nuevavariante']",[],https://twitter.com/marcelambertini/status/1464032160646668290,False,,0,,,,,,,,[],,,,
1464032152559894529,1464032152559894529,2021-11-25 19:44:00 EST,2021-11-25,19:44:00,-0500,709261488280592386,mundo_elp,Mundo elPeriÃ³dico,,"#Alemania | MÃ¡s de 100 mil personas fallecidas por COVID-19 y un rÃ©cord de infecciones diarias. Alemania, donde Â«cada dÃ­a cuentaÂ», segÃºn la canciller Angela Merkel, atraviesa su ola mÃ¡s violenta desde el inicio de la pandemia. MÃ¡s informaciÃ³n aquÃ­â¬‡ï¸   https://t.co/VgWsXw9PNm",es,[],['https://elperiodico.com.gt/mundo/2021/11/25/mas-de-100-mil-muertos-por-covid-19-en-alemania-donde-cada-dia-cuenta/'],[],0,1,0,['alemania'],[],https://twitter.com/mundo_elP/status/1464032152559894529,False,,0,,,,,,,,[],,,,
1464032144607567875,1464032144607567875,2021-11-25 19:43:58 EST,2021-11-25,19:43:58,-0500,79975924,primary_immune,Yoni Maisel,,"Interesting finding from 45,318 SARS-CoV-2-positive nasopharyngeal swab samples    â¬†ï¸-est viral load in infants    - not correlated with severity / mortality  https://t.co/cKzxi2VXbd #iot #bigdata #snrtg #mednews #openscience #scicomm #immunology #COVID19  https://t.co/x1ErntHafr",en,[],['https://academic.oup.com/jid/advance-article/doi/10.1093/infdis/jiab577/6438522'],['https://pbs.twimg.com/media/FFFG2DxX0AESnoq.jpg'],0,2,2,"['iot', 'bigdata', 'snrtg', 'mednews', 'openscience', 'scicomm', 'immunology', 'covid19']",[],https://twitter.com/Primary_Immune/status/1464032144607567875,False,,1,https://pbs.twimg.com/media/FFFG2DxX0AESnoq.jpg,,,,,,,[],,,,
1464032134302162944,1463934921282658313,2021-11-25 19:43:55 EST,2021-11-25,19:43:55,-0500,1120414501092962306,florindasantin,ğŸ…µğŸ…»ğŸ…¾ï¸ğŸ†ğŸ…¸ğŸ…½ğŸ…³ğŸ…°ï¸ğŸ›¡âš”ï¸ğŸ‡§ğŸ‡·ğŸ›¡âš”ï¸,,"@JuhZanca Prefiro esse nome Influenza,  a este  COVID-19 ğŸ‘ğŸ»",es,[],[],[],0,0,0,[],[],https://twitter.com/Florindasantin/status/1464032134302162944,False,,0,,,,,,,,"[{'screen_name': 'JuhZanca', 'name': 'Juhâ¤ï¸ğŸ‡§ğŸ‡·', 'id': '3974033308'}]",,,,
1464032129021628427,1463855618771537922,2021-11-25 19:43:54 EST,2021-11-25,19:43:54,-0500,30493742,tomasocarthaigh,TomÃ¡s Ã“ CÃ¡rthaigh,,"@DavQuinn Playing devil's advocate here: Kids spread the flu. There's a school of thought, as a virus, #covid19 spreads the same way.  There was a violent reaction to that, which led to reopening of schools, etc.  Everything else failed, it's the only thing left.",en,[],[],[],0,0,0,['covid19'],[],https://twitter.com/tomasocarthaigh/status/1464032129021628427,False,,0,,,,,,,,"[{'screen_name': 'DavQuinn', 'name': 'David Quinn', 'id': '127040659'}]",,,,
1464032122725965833,1463988501158969344,2021-11-25 19:43:53 EST,2021-11-25,19:43:53,-0500,90988217,wolfhounds033,Marcel van Elst,,"@AirportWebcams #VVD  #PvdA #CDA #Covid_19 #MinVWS #COVID19  Wanneer doen wij dit, weer een maand later pas, dan alle landen om ons heen ??",nl,[],[],[],0,0,0,"['vvd', 'pvda', 'cda', 'covid_19', 'minvws', 'covid19']",[],https://twitter.com/wolfhounds033/status/1464032122725965833,False,,0,,,,,,,,"[{'screen_name': 'AirportWebcams', 'name': 'Airport Webcams', 'id': '1514068152'}]",,,,
1464032121127936001,1463998740340121601,2021-11-25 19:43:52 EST,2021-11-25,19:43:52,-0500,1307806747084623874,ohforfukksake,Harriet Jumpjet #CallOutPalestinianTerrorism,,@michaelfarleyza @DrEricDing 25 million are vaccinated. Covid-19 death rate in SA has been comparatively low.. there is no big outbreak here for weeks and weeks.. the 3rd wave long since over.,en,[],[],[],0,0,0,[],[],https://twitter.com/ohforfukksake/status/1464032121127936001,False,,0,,,,,,,,"[{'screen_name': 'michaelfarleyza', 'name': 'Michael Farley', 'id': '14897481'}, {'screen_name': 'DrEricDing', 'name': 'Eric Feigl-Ding', 'id': '18831926'}]",,,,
1464032098906378261,1464032098906378261,2021-11-25 19:43:47 EST,2021-11-25,19:43:47,-0500,1290218034389331968,georgevetnar,George Vetnar,,"@GeorgeVetnar Vaccinated or not (because of so many breakthrough cases), the people most likely to survive Covid-19 in the future are the ones who eat right NOW! Be smarter than the virus and eat immunity-building/anti-inflammatory/antiviral/fat-burning foods. Garlic/curry/beets!",en,[],[],[],0,1,1,[],[],https://twitter.com/GeorgeVetnar/status/1464032098906378261,False,https://twitter.com/GeorgeVetnar/status/1464028589536387075,0,,,,,,,,[],,,,
1464032094875799552,1463876693513453569,2021-11-25 19:43:46 EST,2021-11-25,19:43:46,-0500,771778032952545280,marymieze,Just Me,,"@laemmerbiss @Pneumologiker Ja, natÃ¼rlich. All die ""leichten VerlÃ¤ufe"" oder ""genesenen"" die spÃ¤ter an Herzinfarkt,  Nierenleiden etc., bedingt durch Covid19, starben zÃ¤hlen nicht mit.",de,[],[],[],0,0,0,[],[],https://twitter.com/MaryMieze/status/1464032094875799552,False,,0,,,,,,,,"[{'screen_name': 'laemmerbiss', 'name': 'Alexander Ph Vollmer ğŸ˜· ğŸ›‹ï¸ ğŸ’‰ğŸ’‰ğŸ§·', 'id': '245963583'}, {'screen_name': 'Pneumologiker', 'name': 'Armin ğŸ‡ªğŸ‡º ğŸŒ ist geimpft: AZ/BNT/Booster', 'id': '22811021'}]",,,,
1464032088902963217,1464032088902963217,2021-11-25 19:43:45 EST,2021-11-25,19:43:45,-0500,50943610,jennykaynz,Safety matters ğŸ’—ğŸ’œğŸ’™ âš½âš½âš½ğŸ’‰ğŸ’‰,,New #Covid19 variant called B.1.1.529 likely to be named Nu if flagged by @WHO as meeting criteria. It has 2x mutations of #Delta variant incl some associated with evading immune response. How tough is it? How transmissable? Time &amp; @Covid19NZ will tell us  https://t.co/QHKN5zieUZ,en,"[{'screen_name': 'who', 'name': 'world health organization (who)', 'id': '14499829'}, {'screen_name': 'covid19nz', 'name': 'unite against covid-19', 'id': '1239779520904704001'}]",['https://www.rnz.co.nz/news/world/456614/new-mutated-covid-19-variant-in-south-africa'],[],0,0,0,"['covid19', 'delta']",[],https://twitter.com/JennyKayNZ/status/1464032088902963217,False,,0,,,,,,,,[],,,,
1464032084759089155,1463868575765176322,2021-11-25 19:43:44 EST,2021-11-25,19:43:44,-0500,573123442,sskaarup21,SÃ¸ren Skaarup,,@politiken At bÃ¦re mundbind er en ubetydelig lille pris at betale for at undgÃ¥ spredningen af Covid19.,da,[],[],[],0,0,0,[],[],https://twitter.com/sskaarup21/status/1464032084759089155,False,,0,,,,,,,,"[{'screen_name': 'politiken', 'name': 'Politiken', 'id': '14930764'}]",,,,
1464032082208989187,1464032082208989187,2021-11-25 19:43:43 EST,2021-11-25,19:43:43,-0500,1250607955575287809,dr_paulinovigil,Paulino Vigil-De Gracia,,"Ninguno vacunado contra COVID-19, pero si hoy muere uno MaÃ±ana salen los antivacunas a responsabilizar la vacuna, ridÃ­culo. Mientras los antivax siguen viviendo como rÃ©moras. ğŸ‘‡ğŸ½ğŸ‘‡ğŸ½  https://t.co/rlIb6j7J1F",es,[],[],['https://pbs.twimg.com/media/FFFJaxRXwAY1Rx2.jpg'],0,0,0,[],[],https://twitter.com/Dr_PaulinoVigil/status/1464032082208989187,False,,1,https://pbs.twimg.com/media/FFFJaxRXwAY1Rx2.jpg,,,,,,,[],,,,
1464032076781408256,1464032076781408256,2021-11-25 19:43:42 EST,2021-11-25,19:43:42,-0500,518529082,epochtimespt,Epoch Times PortuguÃªs,,LocalizaÃ§Ã£o do chinÃªs preso por relatar a COVID-19 Ã© confirmada  https://t.co/2qBqEnu4jy,pt,[],['https://www.epochtimes.com.br/localizacao-do-chines-preso-por-relatar-a-covid-19-e-confirmada/'],[],0,0,0,[],[],https://twitter.com/EpochTimesPT/status/1464032076781408256,False,,0,,,,,,,,[],,,,
1464032076185968641,1464032076185968641,2021-11-25 19:43:42 EST,2021-11-25,19:43:42,-0500,990261747557814272,ignaziololo1,NACHINO - MORTAL SYRINGE PRESS YoNoMeDejoVacuLear,,"#Rotterdam | En #Netherlands , un hombre fue golpeado por la policÃ­a mientras ya estaba en el suelo durante la protesta que tuvo lugar en Rotterdam. La policÃ­a holandesa ha disparado a 2 personas con balas reales en las Ãºltimas protestas.  #COVID19 #PassSanitaire #Corona",es,[],[],[],0,0,0,"['rotterdam', 'netherlands', 'covid19', 'passsanitaire', 'corona']",[],https://twitter.com/ignaziololo1/status/1464032076185968641,False,https://twitter.com/stessewsen/status/1463876427204513794,0,,,,,,,,[],,,,
1464032071618342912,1464032071618342912,2021-11-25 19:43:40 EST,2021-11-25,19:43:40,-0500,1092530860618907653,svgnewsbot,Vincentian News Bot,,#Covid-19: UK ban flights from South Africa and five other African countries  https://t.co/2rLp2j0YE5 #svgnewsbot  https://t.co/A0sUSJxy1X,en,[],['https://news784.com/2021/uk-ban-flights-from-south-africa-and-five-other-african-countries/'],['https://pbs.twimg.com/media/FFFJaOAX0AoLgRd.jpg'],0,0,0,"['covid', 'svgnewsbot']",[],https://twitter.com/SVGNewsBot/status/1464032071618342912,False,,1,https://pbs.twimg.com/media/FFFJaOAX0AoLgRd.jpg,,,,,,,[],,,,
1464032067012988928,1464032067012988928,2021-11-25 19:43:39 EST,2021-11-25,19:43:39,-0500,106330452,periodicoquequi,Periodico Quequi,,#ReporteCOVID19 #QuintanaRoo registra 6 nuevos casos y 1 nueva muerte por #COVID19 en las Ãºltimas 24 horasğŸ˜·ğŸ’‰ğŸš¦  https://t.co/pOKbXomJqD  https://t.co/TQXOKxPppI,es,[],['https://bit.ly/3FKAuHp'],['https://pbs.twimg.com/media/FFFJQW-WUAwG9ct.jpg'],0,0,0,"['reportecovid19', 'quintanaroo', 'covid19']",[],https://twitter.com/PeriodicoQuequi/status/1464032067012988928,False,,1,https://pbs.twimg.com/media/FFFJQW-WUAwG9ct.jpg,,,,,,,[],,,,
1464032056569073671,1464032056569073671,2021-11-25 19:43:37 EST,2021-11-25,19:43:37,-0500,91053979,js100radio,JS100,,"à¸¢à¸­à¸”à¸œà¸¹à¹‰à¸•à¸´à¸”à¹€à¸Šà¸·à¹‰à¸­à¹‚à¸„à¸§à¸´à¸”-19 à¸§à¸±à¸™à¸¨à¸¸à¸à¸£à¹Œà¸—à¸µà¹ˆ 26 à¸à¸¤à¸¨à¸ˆà¸´à¸à¸²à¸¢à¸™ 2564 à¸£à¸§à¸¡ 6,559 à¸„à¸™ à¸«à¸²à¸¢à¸›à¹ˆà¸§à¸¢ 6,875 à¸„à¸™ à¹à¸¥à¸°à¹€à¸ªà¸µà¸¢à¸Šà¸µà¸§à¸´à¸• 64 à¸„à¸™  #à¹‚à¸„à¸§à¸´à¸”19 #COVID19  https://t.co/qUInwFIWtR",th,[],[],['https://pbs.twimg.com/media/FFFJY51VIAQEqsV.jpg'],0,5,3,"['à¹‚à¸„à¸§à¸´à¸”19', 'covid19']",[],https://twitter.com/js100radio/status/1464032056569073671,False,,1,https://pbs.twimg.com/media/FFFJY51VIAQEqsV.jpg,,,,,,,[],,,,
1464032055432417293,1464032055432417293,2021-11-25 19:43:37 EST,2021-11-25,19:43:37,-0500,20258171,medicinematters,Pamela Fayerman,,"There have been more than 17,000 so-called breakthrough cases of COVID-19 involving fully vaccinated Ontarians over the last year but the number of those people under 60 who eventually ended up in an intensive care unit is only nine.  https://t.co/NTm6yctMal",en,[],['https://toronto.ctvnews.ca/only-nine-ontarians-under-the-age-of-60-have-ended-up-in-the-icu-with-a-breakthrough-case-of-covid-19-1.5681069'],[],0,0,0,[],[],https://twitter.com/MedicineMatters/status/1464032055432417293,False,,0,,,,,,,,[],,,,
1464032051498266628,1464032051498266628,2021-11-25 19:43:36 EST,2021-11-25,19:43:36,-0500,152325528,c5n,C5N,,ğŸŸ¥ EL LABERINTO DE LA PANDEMIA: VUELVEN A SUBIR LOS CASOS  Hay una leve suba de contagios de COVID-19 en el AMBA. La cifra de casos dejÃ³ de descender en el paÃ­s.  ğŸ‘‰ğŸ¼ La informaciÃ³n en Minuto Uno con @Gatosylvestre.  ğŸ¦#PepÃ­nSigueDeJoda  https://t.co/mBqRtPn3CR,es,"[{'screen_name': 'gatosylvestre', 'name': 'gustavo sylvestre', 'id': '144801356'}]",[],[],0,0,2,['pepÃ­nsiguedejoda'],[],https://twitter.com/C5N/status/1464032051498266628,False,,1,https://pbs.twimg.com/media/FFFJCqGXIAYOtjk.jpg,,,,,,,[],,,,
1464032049724112897,1464032049724112897,2021-11-25 19:43:35 EST,2021-11-25,19:43:35,-0500,1172919411797348352,pressapro,Pressapro.ru,,Ğ’ Ğ’ĞĞ— Ğ¾Ñ†ĞµĞ½Ğ¸Ğ»Ğ¸ Ğ²Ğ»Ğ¸ÑĞ½Ğ¸Ğµ ĞºĞ¾Ğ»Ğ¸Ñ‡ĞµÑÑ‚Ğ²Ğ° Ğ¼ÑƒÑ‚Ğ°Ñ†Ğ¸Ğ¹ Ğ½Ğ¾Ğ²Ğ¾Ğ³Ğ¾ ÑˆÑ‚Ğ°Ğ¼Ğ¼Ğ° COVID-19 Ğ½Ğ° Ğ²Ğ°ĞºÑ†Ğ¸Ğ½Ñ‹  https://t.co/C0cHafCC16  https://t.co/4gdSJt2RRW,ru,[],['https://pressapro.ru/v-mire/v-voz-ocenili-vliianie-kolichestva-mytacii-novogo-shtamma-covid-19-na-vakciny/'],['https://pbs.twimg.com/media/FFFJZBqXsAEPZwx.jpg'],0,0,0,[],[],https://twitter.com/pressapro/status/1464032049724112897,False,,1,https://pbs.twimg.com/media/FFFJZBqXsAEPZwx.jpg,,,,,,,[],,,,
1464032036474216451,1464032036474216451,2021-11-25 19:43:32 EST,2021-11-25,19:43:32,-0500,912657857484599296,migueljac1,Miguel JacÃ³,,Tomou a sua primeira dose  EntÃ£o tome a segunda  Passado os 5 meses  Podemos tomar o reforÃ§o  E assim ficamos protegidos  Contra o covid-19  NÃ£o vamos deixar barato  A extinÃ§Ã£o deste vÃ­rus.  MJ.,pt,[],[],[],0,0,0,[],[],https://twitter.com/MiguelJac1/status/1464032036474216451,False,https://twitter.com/gzhdigital/status/1464028630246326272,0,,,,,,,,[],,,,
1464032034708496386,1464032034708496386,2021-11-25 19:43:32 EST,2021-11-25,19:43:32,-0500,1454928205,ruthmkb,ruthkoğŸ¦‚ğŸŒˆ,,Doug Ford: Stop symptomatic #COVID19 testing at Ontario Pharmacies - Sign the Petition! #FordFailedOntario #VoteFordOut2022 #VoteThemAllOut2022 #onpoli   https://t.co/qiBtlduSl2 via @CdnChange,en,"[{'screen_name': 'cdnchange', 'name': 'change.org canada', 'id': '551290354'}]",['https://chng.it/QZjW2whk'],[],0,1,0,"['covid19', 'fordfailedontario', 'votefordout2022', 'votethemallout2022', 'onpoli']",[],https://twitter.com/ruthmkb/status/1464032034708496386,False,,0,,,,,,,,[],,,,
1464032029708886022,1464032029708886022,2021-11-25 19:43:30 EST,2021-11-25,19:43:30,-0500,156798877,gabdorantesarg,Gabriel Dorantes Argandar ğŸ‡²ğŸ‡½,,Cuando sea demasiado tardeâ€¦ mi columna de este #sÃ¡bado en el @regionalmorelos  #Ãndice de #Progreso #Social 2015-2020  #BuenosDias #felizsÃ¡bado #domingo #felizdomingo #COVID19 #Cuernavaca #UAEM #FelizDomingo #QuienEsQuienEnLasMentiras    https://t.co/jUYsjuh9qO  https://t.co/feSzTFdDzR,es,"[{'screen_name': 'regionalmorelos', 'name': 'el regional', 'id': '110535194'}]",['https://www.elregional.com.mx/cuando-sea-demasiado-tarde-indice-de-progreso-social-2015-2020'],['https://pbs.twimg.com/media/FFFJXzqWYAMC8km.jpg'],0,0,0,"['sÃ¡bado', 'Ã­ndice', 'progreso', 'social', 'buenosdias', 'felizsÃ¡bado', 'domingo', 'felizdomingo', 'covid19', 'cuernavaca', 'uaem', 'felizdomingo', 'quienesquienenlasmentiras']",[],https://twitter.com/gabdorantesarg/status/1464032029708886022,False,,1,https://pbs.twimg.com/media/FFFJXzqWYAMC8km.jpg,,,,,,,[],,,,
1464032028928610335,1464023593021489152,2021-11-25 19:43:30 EST,2021-11-25,19:43:30,-0500,1118938493621637120,delfingkyle,Kyle Delfing,,"@PlumberAlberta @TheophanesRex Same reason they're going to get their infant or toddler vaccinated against COVID-19.  They don't actually give a shit about facts. If it sounds good, they go with it",en,[],[],[],0,0,1,[],[],https://twitter.com/DelfingKyle/status/1464032028928610335,False,,0,,,,,,,,"[{'screen_name': 'PlumberAlberta', 'name': 'AlbertaPlumber', 'id': '1388257099604389890'}, {'screen_name': 'TheophanesRex', 'name': 'Darshan Maharaja', 'id': '1165707784962433024'}]",,,,
1464032027636813835,1464032027636813835,2021-11-25 19:43:30 EST,2021-11-25,19:43:30,-0500,78687173,eldolardiario,El DÃ³lar Diario ğŸ‡»ğŸ‡ª,,Â¡IMPORTANTE! La carrera cientÃ­fica para encontrar a las personas resistentes al covid-19  https://t.co/AnMBtMO1sK,es,[],['https://bit.ly/3laoxCT'],[],0,0,0,[],[],https://twitter.com/eldolardiario/status/1464032027636813835,False,,0,,,,,,,,[],,,,
1464032022729429001,1464032022729429001,2021-11-25 19:43:29 EST,2021-11-25,19:43:29,-0500,1372749542500704267,covid19times_pr,ã“ã³ã£ã©19ã‚¿ã‚¤ãƒ ã‚¹,,ã€æ˜­å³¶å¸‚ã€‘  ã€Œæ–°å‹ã‚³ãƒ­ãƒŠãƒ¯ã‚¯ãƒãƒ³æ¥ç¨®ã‚’äºˆå®šã™ã‚‹12æ­³ã‹ã‚‰18æ­³ï¼ˆé«˜æ ¡3å¹´ç”Ÿï¼‰ã®ä¿è­·è€…ã®ã‹ãŸã¸ã€ã‚¢ãƒŠã‚¦ãƒ³ã‚¹   https://t.co/fpnYE7WR48,ja,[],['https://www.city.akishima.lg.jp/s048/010/010/300/010/060/20210909113154.html'],[],0,0,0,[],[],https://twitter.com/covid19times_pr/status/1464032022729429001,False,,0,,,,,,,,[],,,,
1464032021706018834,1464032021706018834,2021-11-25 19:43:29 EST,2021-11-25,19:43:29,-0500,1433308973243920386,barlowsophia2,Barlow Sophia,,"SHUT UP YOUR MOUTH, DON'T MAKE FAKE NEWS ABOUT COVID-19",en,[],[],[],0,0,0,[],[],https://twitter.com/BarlowSophia2/status/1464032021706018834,False,,0,,,,,,,,[],,,,
1464032012692606976,1464032012692606976,2021-11-25 19:43:26 EST,2021-11-25,19:43:26,-0500,25088746,sabcnews,SABC News,,#ICYMI: New COVID-19 variant (B.1.1.529) explained: Dr Michelle Groome  https://t.co/WFfS0rISNp,en,[],['https://www.youtube.com/watch?v=m7KHRhqxaD4'],[],0,0,1,['icymi'],[],https://twitter.com/SABCNews/status/1464032012692606976,False,,0,,,,,,,,[],,,,
1464032011199426563,1464032005214064650,2021-11-25 19:43:26 EST,2021-11-25,19:43:26,-0500,1429876854190714883,aytohunucma,Ayuntamiento de HunucmÃ¡,,"ğŸ”¸ Fecha lÃ­mite para registrarte: 26 de noviembre ğŸ”¸PodrÃ¡n participar todas las personas de HunucmÃ¡, de 16 aÃ±os o mÃ¡s. Cupo limitado.  Â¡HabrÃ¡ premios para los primeros 3 lugares!  Recuerda que serÃ¡ necesario seguir las medidas sanitarias ante el COVID-19. #CiudadEnMovimiento",es,[],[],[],0,0,0,['ciudadenmovimiento'],[],https://twitter.com/AytoHunucma/status/1464032011199426563,False,,0,,,,,,,,[],,,,
1464032010880618499,1464032010880618499,2021-11-25 19:43:26 EST,2021-11-25,19:43:26,-0500,280638438,radiopanama,Radio PanamÃ¡,,El 60% de vacunados en EE. UU. tienen reducida la inmunidad contra COVID-19  https://t.co/jpd7KznO0C a travÃ©s de @RadioPanama,es,"[{'screen_name': 'radiopanama', 'name': 'radio panamÃ¡', 'id': '280638438'}]",['https://bit.ly/3oZ0sjy'],[],0,0,1,[],[],https://twitter.com/radiopanama/status/1464032010880618499,False,,0,,,,,,,,[],,,,
1464032010805075971,1464032010805075971,2021-11-25 19:43:26 EST,2021-11-25,19:43:26,-0500,4388418371,germanenciso5,GERMAN ENCISOğŸ‡¨ğŸ‡´,,"Covid 19 - dÃ­a 549  un, dos y vuelta, un, dos y vuelta en brazos abiertos, un, dos y vuelta con sonrisa, mira mis ojos y sigue mi ritmo, un, dos y dame un giro, sonrÃ­e; este es tu baile, aprende a bailar en el silencio, sonrie en el dolor, esta es tu fiesta, es unica.",es,[],[],[],0,0,0,[],[],https://twitter.com/GERMANENCISO5/status/1464032010805075971,False,,0,,,,,,,,[],,,,
1464032006845734915,1464032006845734915,2021-11-25 19:43:25 EST,2021-11-25,19:43:25,-0500,19140447,shanghaidaily,Shanghai Daily,,"As of Friday 8am, 55,278 people connected to the three #COVID19 cases confirmed yesterday have been tested negative.",en,[],[],[],0,0,0,['covid19'],[],https://twitter.com/shanghaidaily/status/1464032006845734915,False,https://twitter.com/shanghaidaily/status/1463817652174942221,0,,,,,,,,[],,,,
1464032002563313671,1464032002563313671,2021-11-25 19:43:24 EST,2021-11-25,19:43:24,-0500,71230062,jaysonmassey,Jayson Massey,,So...again... COVID-19 takes NO DAYS OFF.  #MaskUp and #GetVaccinatedNow,en,[],[],[],0,0,0,"['maskup', 'getvaccinatednow']",[],https://twitter.com/jaysonmassey/status/1464032002563313671,False,https://twitter.com/EricTopol/status/1463959610281259019,0,,,,,,,,[],,,,
1464032002223521792,1464032002223521792,2021-11-25 19:43:24 EST,2021-11-25,19:43:24,-0500,1452611661249064969,briantoovey,Brian Toovey,,"Noticias Falsas: El secretario de Salud, Alejando GÃ³mez, positivo para Covid19.  Los medicos no creen se va a vivir.  https://t.co/zUU8YBYrMd",es,[],[],['https://pbs.twimg.com/media/FFFJI14XMAcc6O2.jpg'],0,0,0,[],[],https://twitter.com/BrianToovey/status/1464032002223521792,False,,1,https://pbs.twimg.com/media/FFFJI14XMAcc6O2.jpg,,,,,,,[],,,,
1464031994124378119,1464031397585301504,2021-11-25 19:43:22 EST,2021-11-25,19:43:22,-0500,2730784052,dragojh,dragojh,,@Excelsior Este virus del Covid19 es como la gripe siempre estarÃ¡ mutando vs las vacunas y antÃ­doto,es,[],[],[],0,0,0,[],[],https://twitter.com/dragojh/status/1464031994124378119,False,,0,,,,,,,,"[{'screen_name': 'Excelsior', 'name': 'ExcÃ©lsior', 'id': '104683173'}]",,,,
1464031981663137796,1464031981663137796,2021-11-25 19:43:19 EST,2021-11-25,19:43:19,-0500,1327708558604050432,televisionjam1,televisionjamaica,,"Two more people have died from COVID-19, pushing the death toll to 2,367. 56 new cases were confirmed from 807 samples yesterday. The positivity rate is 7.6%.  The overall case count is 90,961. 174 people are in hospital - 20 are severely ill and 8 are critically ill.  #TVJNews  https://t.co/1dJOYAy25b",en,[],[],['https://pbs.twimg.com/media/FFFJPx9WUAki0Bo.jpg'],0,0,0,['tvjnews'],[],https://twitter.com/televisionjam1/status/1464031981663137796,False,,1,https://pbs.twimg.com/media/FFFJPx9WUAki0Bo.jpg,,,,,,,[],,,,
1464031981289811970,1464031981289811970,2021-11-25 19:43:19 EST,2021-11-25,19:43:19,-0500,785943112568803330,exantedata,Exante Data,,"Here we compare #COVID19 cases and deaths in the counties with the most new weekly cases per capita (with over 750,000 residents). Also included is the death to case ratio using a 4 week lag in cases. *Note: County fatality data missing in FL  https://t.co/E3C0ADmjyq",en,[],[],"['https://pbs.twimg.com/media/FFFJUm0XsAoT-3B.jpg', 'https://pbs.twimg.com/media/FFFJU4xXoAIeh88.png']",0,0,0,['covid19'],[],https://twitter.com/ExanteData/status/1464031981289811970,False,,1,https://pbs.twimg.com/media/FFFJUm0XsAoT-3B.jpg,,,,,,,[],,,,
1464031959953252355,1464031959953252355,2021-11-25 19:43:14 EST,2021-11-25,19:43:14,-0500,61682609,toomore_such,toomore_such âœª,,ã‚ã€œã€#å—ã‚¢ã€ã¾ã€œãŸãƒ¤ã£ã¡ã‚ƒã£ãŸã€‚  ä»Šå†¬ã¯ã€ä»Šå¤ã®ã‚ˆã†ãªäº‹æ…‹ã«ã¯è‡³ã‚‰ãšã€ä½•ã¨ã‹å‡Œã’ã‚‹ã‹ï¼Ÿã¨æ€ã£ã¦ã„ãŸã‘ã©ã€å¼·åŠ›ãªå¤‰ç•°ãŒå‡ºç¾ã—ãŸä»¥ä¸Šã€3å›ç›®ã®æ‘‚å–ã‚’æ€¥ãŒãªã„ã¨ã€æŠ—ä½“ä¾¡ãŒçµ¶è³›ä½ä¸‹ä¸­ã®é«˜é½¢è€…ã§ #ãƒ–ãƒ¬ã‚¤ã‚¯ã‚¹ãƒ«ãƒ¼ ç¥­ã‚Šã«ãªã‚‹ãªã€ã‚³ãƒ¬ã‚ã€‚  #SARSCoV2 #COVID19 #NewVariant   https://t.co/bIBu3tIfpw,ja,[],['https://www.afpbb.com/articles/-/3377713'],[],0,0,0,"['å—ã‚¢', 'ãƒ–ãƒ¬ã‚¤ã‚¯ã‚¹ãƒ«ãƒ¼', 'sarscov2', 'covid19', 'newvariant']",[],https://twitter.com/toomore_such/status/1464031959953252355,False,,0,,,,,,,,[],,,,
1464031956606361605,1463550665473634317,2021-11-25 19:43:13 EST,2021-11-25,19:43:13,-0500,88555185,dfan334281,D. Noble,,"@myohoma007 @TyTalksTechblog @CNN You're seriously retweeting yourself -- with a refuted post?!  If you do, indeed, have a daughter, who is pre-med, you embarrass her with each of your posts. â€œThe FDAâ€™s approval of this vaccine is a milestone as we continue to battle the COVID-19 pandemic."" - FDA's own website  https://t.co/fni16Yyfql",en,[],[],['https://pbs.twimg.com/media/FFFJS9pWUAk7NVg.jpg'],0,0,0,[],[],https://twitter.com/DFan334281/status/1464031956606361605,False,,1,https://pbs.twimg.com/media/FFFJS9pWUAk7NVg.jpg,,,,,,,"[{'screen_name': 'myohoma007', 'name': 'Jennifer Buddha_Ma', 'id': '2927906731'}, {'screen_name': 'TyTalksTechblog', 'name': 'Tyrone Tech Talker', 'id': '3871184026'}, {'screen_name': 'CNN', 'name': 'CNN', 'id': '759251'}]",,,,
1464031955163533312,1464031955163533312,2021-11-25 19:43:13 EST,2021-11-25,19:43:13,-0500,1601822730,redmasnoticias,red+ noticias,,#EnVivo | SudÃ¡frica detecta nueva variante del #COVID19 que podrÃ­a ser de preocupaciÃ³n.  Informa @Julianar_23.  https://t.co/PNngSshi26,es,"[{'screen_name': 'julianar_23', 'name': 'juliana', 'id': '310587913'}]",[],[],0,0,0,"['envivo', 'covid19']",[],https://twitter.com/RedMasNoticias/status/1464031955163533312,False,,1,https://pbs.twimg.com/media/FFFJScdX0AgeE5h.jpg,,,,,,,[],,,,
1464031953682796548,1464031953682796548,2021-11-25 19:43:12 EST,2021-11-25,19:43:12,-0500,991544173160419329,onenewsph,ONE News PH,,"""Everybody thatâ€™s out there needs to understand that the more this virus circulates, the more opportunities the virus has to change, the more mutations we will see,"" warns World Health Organization COVID-19 technical lead Dr. Maria Van Kerkhove.  https://t.co/jPnlb73Lkv",en,[],[],['https://pbs.twimg.com/media/FFFJS1TVkBAIjZ4.png'],0,0,0,[],[],https://twitter.com/onenewsph/status/1464031953682796548,False,,1,https://pbs.twimg.com/media/FFFJS1TVkBAIjZ4.png,,,,,,,[],,,,
1464031953284382723,1464031953284382723,2021-11-25 19:43:12 EST,2021-11-25,19:43:12,-0500,201253745,cnctvgranma,CNC TV Granma,,"TURISMO ğŸ©ğŸ›ï¸  || El Hotel Royalton de #Bayamo, Monumento Nacional, reabriÃ³ sus puertas, luego de la pausa de casi dos aÃ±os impuesta por la pandemia de COVID19 a la industria del descanso, el entretenimiento y la recreaciÃ³n.  @MinturCuba @GranmaTravel  #CubaDestinoSeguro #CubaVive  https://t.co/avLqlZp5B5",es,"[{'screen_name': 'minturcuba', 'name': 'ministerio turismo', 'id': '2194929548'}, {'screen_name': 'granmatravel', 'name': '@granmatravel', 'id': '2556937326'}]",[],"['https://pbs.twimg.com/media/FFFJL_aXoAM-SjT.jpg', 'https://pbs.twimg.com/media/FFFJN3cXwAY2VNC.jpg', 'https://pbs.twimg.com/media/FFFJQ52XMAU34ed.jpg', 'https://pbs.twimg.com/media/FFFJS67WUAcu3qw.jpg']",1,0,0,"['bayamo', 'cubadestinoseguro', 'cubavive']",[],https://twitter.com/CNCTVGranma/status/1464031953284382723,False,,1,https://pbs.twimg.com/media/FFFJL_aXoAM-SjT.jpg,,,,,,,[],,,,
1464031946862997511,1464031946862997511,2021-11-25 19:43:11 EST,2021-11-25,19:43:11,-0500,928028309912371200,bfm_bcasts,95bFM bCasts,,Rapid Antigen Testing w/ Associate Professor James Ussher Rapid antigen testing has been approved for use in the community as we learn to live with Covid-19.  Jessica Hopkins spoke to Associate Professor James Ussher from the University of Otago aboutâ€¦  https://t.co/7SEzfrJi8S,en,[],['https://95bfm.com/bcast/rapid-antigen-testing-w-associate-professor-james-ussher?utm_medium=feed&utm_source=twitter.com&utm_campaign=Feed%3A+the-wire'],[],0,0,0,[],[],https://twitter.com/bFM_bCasts/status/1464031946862997511,False,,0,,,,,,,,[],,,,
1464031943335546887,1464031943335546887,2021-11-25 19:43:10 EST,2021-11-25,19:43:10,-0500,725764948589039621,milla5milla,Jorge Milla,,#COVID19,und,[],[],[],0,0,0,['covid19'],[],https://twitter.com/Milla5Milla/status/1464031943335546887,False,https://twitter.com/perbess/status/1464012224134008836,0,,,,,,,,[],,,,
1464031941355839491,1464027613526216708,2021-11-25 19:43:09 EST,2021-11-25,19:43:09,-0500,353401107,radish3023,Mary Mosby,,@davidjlynch @maggieNYT Was able to read on CBC since the NYT unfortunately requires money to read COVID19 articles.,en,[],[],[],0,0,0,[],[],https://twitter.com/Radish3023/status/1464031941355839491,False,,0,,,,,,,,"[{'screen_name': 'davidjlynch', 'name': 'David J. Lynch', 'id': '24730470'}, {'screen_name': 'maggieNYT', 'name': 'Maggie Haberman', 'id': '93069110'}]",,,,
1464031930542964749,1464031930542964749,2021-11-25 19:43:07 EST,2021-11-25,19:43:07,-0500,17124028,ftapia,Felix J. Tapia,,"Mi charla ""InmunogÃ©nesis de la tormenta de citocinas de la COVID-19."" Por @ftapia en Twitter SIMPOSIO: COVID-19 y los tegumentos, LVII ReuniÃ³n Anual de la SVDMQE, Viernes 12 de noviembre de 2021  https://t.co/WJli1FdR8H",es,"[{'screen_name': 'ftapia', 'name': 'felix j. tapia', 'id': '17124028'}]",['https://www.instagram.com/p/CWtyeD5ljpd/?utm_source=ig_web_button_share_sheet'],[],0,0,0,[],[],https://twitter.com/ftapia/status/1464031930542964749,False,,0,,,,,,,,[],,,,
1464031924066955270,1464031924066955270,2021-11-25 19:43:05 EST,2021-11-25,19:43:05,-0500,78687173,eldolardiario,El DÃ³lar Diario ğŸ‡»ğŸ‡ª,,Â¡NO PUEDE SER! Detectaron en SurÃ¡frica una nueva variante del covid-19 con mÃºltiples mutaciones  https://t.co/5plh01klkZ,es,[],['https://bit.ly/3xl6C1c'],[],0,0,0,[],[],https://twitter.com/eldolardiario/status/1464031924066955270,False,,0,,,,,,,,[],,,,
1464031920015253504,1464031920015253504,2021-11-25 19:43:04 EST,2021-11-25,19:43:04,-0500,780909391,janasibueno,Jana Bueno,,Um resumo nÃ£o oficial sobre a live do Prefeito Paulo sobre a situaÃ§Ã£o do COVID-19 em nosso municÃ­pio em Machadinho. Vacinem-se e induzam outros a se vacinarem tbm. Pratique o bem.,pt,[],[],[],0,0,0,[],[],https://twitter.com/janasibueno/status/1464031920015253504,False,,0,,,,,,,,[],,,,
1464031901044428806,1463901407438946314,2021-11-25 19:43:00 EST,2021-11-25,19:43:00,-0500,2841368493,wiwi2445,RESET THE WORLD,,@J_Bardella LA GÃ‰NÃ‰ROSITÃ‰ A UN PRIX ! LA GÃ‰NÃ‰ROSITÃ‰ FRANÃ‡AISE A BOUSILLÃ‰ L'HÃ”PITAL FRANÃ‡AIS. @CNEWS @BFMTV #COVID19 #3emeDose #5emevague #PassSanitaire,fr,"[{'screen_name': 'cnews', 'name': 'cnews', 'id': '18396319'}, {'screen_name': 'bfmtv', 'name': 'bfmtv', 'id': '133663801'}]",[],[],0,0,0,"['covid19', '3emedose', '5emevague', 'passsanitaire']",[],https://twitter.com/wiwi2445/status/1464031901044428806,False,,0,,,,,,,,"[{'screen_name': 'J_Bardella', 'name': 'Jordan Bardella', 'id': '1499400284'}]",,,,
1464031899467362307,1464031899467362307,2021-11-25 19:42:59 EST,2021-11-25,19:42:59,-0500,1093475058226479105,faroldab,FarolDaBahia,,Covid-19: Brasil registra 12 mil novos casos  #COVID19 #coronavirus #boletim #saude #faroldabahia   https://t.co/iLGjeYpfpY,pt,[],['https://www.faroldabahia.com.br/noticia/covid-19-brasil-registra-12-mil-novos-casos'],[],0,0,0,"['covid19', 'coronavirus', 'boletim', 'saude', 'faroldabahia']",[],https://twitter.com/FaroldaB/status/1464031899467362307,False,,0,,,,,,,,[],,,,
1464031897537945603,1464031897537945603,2021-11-25 19:42:59 EST,2021-11-25,19:42:59,-0500,326316197,bludichina,Roberto Sorcini â™ï¸,,Domanda da profano per il dottor @azangrillo : Ã¨ reale una situazione simile in terapia intensiva?  Grazie!  #COVID19 #Covid,it,"[{'screen_name': 'azangrillo', 'name': 'alberto zangrillo', 'id': '920750804'}]",[],[],0,0,0,"['covid19', 'covid']",[],https://twitter.com/BluDiChina/status/1464031897537945603,False,https://twitter.com/gema7799/status/1463856226538856456,0,,,,,,,,[],,,,
1464031896590233601,1464031896590233601,2021-11-25 19:42:59 EST,2021-11-25,19:42:59,-0500,479387351,lntandekar,LEKH NARAYAN TANDEKAR,,"A new Covid-19 variant could show immune evasion and enhanced transmissibility, South African scientistsÂ warn  https://t.co/sHQXMPGISR",en,[],['https://news.o24.site/a-new-covid-19-variant-could-show-immune-evasion-and-enhanced-transmissibility-south-african-scientists-warn/'],[],0,0,0,[],[],https://twitter.com/lntandekar/status/1464031896590233601,False,,0,,,,,,,,[],,,,
1464031896233414674,1464031896233414674,2021-11-25 19:42:59 EST,2021-11-25,19:42:59,-0500,147360914,yasuko_okajima,å²¡å¶‹æ³°å­,,Tested negative(COVID-19) ä»Šæ—¥ã®ç¾å ´ã§æ¤œæŸ»ã‚’å—ã‘ã€é™°æ€§ã§ã—ãŸã€‚  https://t.co/zRd4zBLGH3,ja,[],[],['https://pbs.twimg.com/media/FFFJP1KaUAA4Iy_.jpg'],0,0,1,[],[],https://twitter.com/yasuko_okajima/status/1464031896233414674,False,,1,https://pbs.twimg.com/media/FFFJP1KaUAA4Iy_.jpg,,,,,,,[],,,,
1464031891720486919,1464031891720486919,2021-11-25 19:42:58 EST,2021-11-25,19:42:58,-0500,1366465895976087554,catguaicaipuro1,Cat Guaicaipuro1,,"Cuba y Venezuela pueblos hermanados por la historia, Â¡Presente el legado de Fidel!,  combatiendo la #COVID19 con amor y entrega. #FidelPorSiempre #FidelVive  #HÃ©roesDeLaSalud #CubaPorLaVida @cubacooperaven @minsapcuba @Eam12V @CdiGilberto @alain_rl  https://t.co/9uwZJAvfeZ",es,"[{'screen_name': 'cubacooperaven', 'name': 'misiÃ³n mÃ©dica cubana en venezuela', 'id': '1402040647670976516'}, {'screen_name': 'minsapcuba', 'name': 'ministerio de salud pÃºblica de cuba', 'id': '2394855529'}, {'screen_name': 'eam12v', 'name': 'cubacooperaveam12', 'id': '1263481565369307136'}, {'screen_name': 'cdigilberto', 'name': 'cubacoopera_cdi_gilberto_rodrÃ­guez_ochoa', 'id': '1354808629023498245'}, {'screen_name': 'alain_rl', 'name': 'alainrl', 'id': '1370825648013516809'}]",[],['https://pbs.twimg.com/media/FFFJPkwWUAQzv0m.jpg'],0,0,0,"['covid19', 'fidelporsiempre', 'fidelvive', 'hÃ©roesdelasalud', 'cubaporlavida']",[],https://twitter.com/CatGuaicaipuro1/status/1464031891720486919,False,,1,https://pbs.twimg.com/media/FFFJPkwWUAQzv0m.jpg,,,,,,,[],,,,
1464031890827091977,1464031890827091977,2021-11-25 19:42:57 EST,2021-11-25,19:42:57,-0500,563580405,clasbc,CLAS,,"Since the start of #COVID19, reports of violence against women &amp; workplace #sexualharassment have spiked. Letâ€™s stop the trend. #SHARPWorkplaces is committed to preventing and addressing violence in the workplace #16days #InternationalDayfortheEliminationofViolenceAgainstWomen  https://t.co/WkISdiv3aM",en,[],[],['https://pbs.twimg.com/tweet_video_thumb/FFFJP0VX0AggVf6.jpg'],0,0,0,"['covid19', 'sexualharassment', 'sharpworkplaces', '16days', 'internationaldayfortheeliminationofviolenceagainstwomen']",[],https://twitter.com/clasbc/status/1464031890827091977,False,,1,https://pbs.twimg.com/tweet_video_thumb/FFFJP0VX0AggVf6.jpg,,,,,,,[],,,,
1464031878294523910,1463978933511241737,2021-11-25 19:42:54 EST,2021-11-25,19:42:54,-0500,2972880872,funkcosity,@funkcosity,,"@pavyg @FlipperMilano @AustralianOpen Because it is now a pandemic of the unvaccinated. 99% of the people dying from COVID-19 are unvaccinated. Yes, the vaccine works if youâ€™re vaccinated but if youâ€™re not and you get really sick you become everyone elseâ€™s burden.",en,[],[],[],0,0,0,[],[],https://twitter.com/funkcosity/status/1464031878294523910,False,,0,,,,,,,,"[{'screen_name': 'pavyg', 'name': 'Pavvy G', 'id': '405579267'}, {'screen_name': 'FlipperMilano', 'name': 'Annie ğŸ‡¦ğŸ‡º ğŸ‡ºğŸ‡¸', 'id': '1287314993168474113'}, {'screen_name': 'AustralianOpen', 'name': '#AusOpen', 'id': '17329538'}]",,,,
1464031869939322892,1464031869939322892,2021-11-25 19:42:52 EST,2021-11-25,19:42:52,-0500,1406229418582806531,hzbkkhmghfkayyu,Mr.ğŸ©,,ã€ŒCOVIDâ€19å¯¾å¿œã€  1.é‡å­ãƒ†ãƒ¬ãƒãƒ¼ãƒ†ãƒ¼ã‚·ãƒ§ãƒ³æŠ€è¡“ A.é‡å­è·³èº B.é‡å­æ¼”ç®—ã‚³ãƒ³ãƒ”ãƒ¥ãƒ¼ã‚¿ãƒ¼äºˆå‚™åˆ†æ C.æ³¢å‹•é–¢æ•°ã®åç¸®.Eï¼MCC  2.ã‚¦ã‚¤ãƒ«ã‚¹ã®è‡ªå·±é€²åŒ–ã¨è‡ªå·±çµ„ç¹”åŒ– A.è‡ªå·±æ€§ã®metaphysics B.ã€è™šæ•°ã€ã®æå‡ºã¨è¤‡ç´ è§£æ C.ç”Ÿä½“ç´°èƒã®å¾©å…ƒè¤‡è£½  https://t.co/6Judh4zbeJ,ja,[],[],['https://pbs.twimg.com/tweet_video_thumb/FFFJOJ-aIAA7d7U.jpg'],0,0,0,[],[],https://twitter.com/hzBkkhMGhfKaYyu/status/1464031869939322892,False,,1,https://pbs.twimg.com/tweet_video_thumb/FFFJOJ-aIAA7d7U.jpg,,,,,,,[],,,,
1464031869230632962,1463999927122595840,2021-11-25 19:42:52 EST,2021-11-25,19:42:52,-0500,1229618604,uhmein,aleida cubides,,@davidbautistaqf el covid asintomÃ¡tico tb es Covid-19.,es,[],[],[],0,0,0,[],[],https://twitter.com/uhmein/status/1464031869230632962,False,,0,,,,,,,,"[{'screen_name': 'davidbautistaqf', 'name': 'David Bautista', 'id': '759916282930094080'}]",,,,
1464031863618613253,1464031863618613253,2021-11-25 19:42:51 EST,2021-11-25,19:42:51,-0500,1463192689315172355,filizlafci76,Ã§okdafifi,,#UtanmanÄ±zKalmamÄ±ÅŸ #Petrol #BlackFriday #galatasaraymarsilya #COVID19 #AliKocÄ°stifa  https://t.co/Ma00v5AgB3,und,[],[],['https://pbs.twimg.com/media/FFFJOI2XsAg6nqb.jpg'],0,0,0,"['utanmanÄ±zkalmamÄ±ÅŸ', 'petrol', 'blackfriday', 'galatasaraymarsilya', 'covid19', 'alikociÌ‡stifa']",[],https://twitter.com/FilizLafci76/status/1464031863618613253,False,,1,https://pbs.twimg.com/media/FFFJOI2XsAg6nqb.jpg,,,,,,,[],,,,
1464031860355338246,1464031860355338246,2021-11-25 19:42:50 EST,2021-11-25,19:42:50,-0500,1463572165966524421,_richardvernon_,Dick Vernon,,Libtards following the science right over the cliff.  #NuVariant #Covid #Covid19 #vaccine  https://t.co/8hMQshHdSj,en,[],[],['https://pbs.twimg.com/tweet_video_thumb/FFFJNrcakAAoE1k.jpg'],0,0,0,"['nuvariant', 'covid', 'covid19', 'vaccine']",[],https://twitter.com/_RichardVernon_/status/1464031860355338246,False,,1,https://pbs.twimg.com/tweet_video_thumb/FFFJNrcakAAoE1k.jpg,,,,,,,[],,,,
1464031847717998597,1464031847717998597,2021-11-25 19:42:47 EST,2021-11-25,19:42:47,-0500,873324721814872069,radioactiva507,Radio Activa PanamÃ¡,,"COVID-19 HOY 25 DE NOVIEMBRE -262 casos nuevos  -476,873 acumulados  -Defunciones: 7,360 (1 nueva defunciÃ³n, 1 de fechas anteriores)  -Aislados: 2,547 (83 hoteles)  -Hospitalizados: 116 (94 sala, 22 UCI) -Recuperados: 466,850  https://t.co/grOEON0TGM",es,[],[],['https://pbs.twimg.com/media/FFFI_crWYAUpel1.jpg'],0,0,0,[],[],https://twitter.com/radioactiva507/status/1464031847717998597,False,,1,https://pbs.twimg.com/media/FFFI_crWYAUpel1.jpg,,,,,,,[],,,,
1464031844689719297,1464031635825954822,2021-11-25 19:42:46 EST,2021-11-25,19:42:46,-0500,1151679303886802944,smoovemick,Mick,,@jinelle_tinto Heâ€™s giving us the history of covid 19,en,[],[],[],0,0,0,[],[],https://twitter.com/Smoovemick/status/1464031844689719297,False,,0,,,,,,,,"[{'screen_name': 'jinelle_tinto', 'name': 'jinz.', 'id': '1442613006'}]",,,,
1464031842961526785,1464031842961526785,2021-11-25 19:42:46 EST,2021-11-25,19:42:46,-0500,18172386,radiosantafentc,Radio SantaFe,,Ya son 10.068.751 dosis de vacunas aplicadas contra COVID-19 en BogotÃ¡  https://t.co/WzjUpgpBoQ,es,[],['https://www.radiosantafe.com/2021/11/25/ya-son-10-068-751-dosis-de-vacunas-aplicadas-contra-covid-19-en-bogota/'],[],0,0,0,[],[],https://twitter.com/radiosantafentc/status/1464031842961526785,False,,0,,,,,,,,[],,,,
1464031832933023745,1464031832933023745,2021-11-25 19:42:44 EST,2021-11-25,19:42:44,-0500,113726510,sanojareinaldo,Sanoja Reinaldo,,Hoy pensÃ© que tenÃ­a #COVID19 al probar una arepa en la calle ğŸ¥º  Luego  Me dÃ­ cuenta que era un restaurante #colombiano ğŸ¤£  https://t.co/pNUu9y59YK,es,[],[],['https://pbs.twimg.com/media/FFFJMSAX0AQ9QSu.jpg'],0,0,0,"['covid19', 'colombiano']",[],https://twitter.com/SanojaReinaldo/status/1464031832933023745,False,,1,https://pbs.twimg.com/media/FFFJMSAX0AQ9QSu.jpg,,,,,,,[],,,,
1464031829476925440,1464031829476925440,2021-11-25 19:42:43 EST,2021-11-25,19:42:43,-0500,1457478695573237764,cocoapuccincafe,Sadie Grace: Slytherin Princess,,"I am thankful to God for the gift of my life, my family, my friends, and the covid-19 vaccine we finally have for I ur safety, I'm also thankful to God, that the worst side effect I got, was the common sore arm",en,[],[],[],0,0,0,[],[],https://twitter.com/cocoapuccincafe/status/1464031829476925440,False,,0,,,,,,,,[],,,,
1464031828868665346,1464031828868665346,2021-11-25 19:42:43 EST,2021-11-25,19:42:43,-0500,2704571036,sidmanchikanti,Siddhu Manchikanti,,"#Covid update :   The new #Covid19 variant first discovered in #Botswana (a country in Southern Africa) has over 30 mutations in its spike protein, raising concerns among British officials that all the existing vaccines may be less effective and may not control those mutations.",en,[],[],[],0,0,0,"['covid', 'covid19', 'botswana']",[],https://twitter.com/SiDManchikanti/status/1464031828868665346,False,,0,,,,,,,,[],,,,
1464031824678506496,1464031824678506496,2021-11-25 19:42:42 EST,2021-11-25,19:42:42,-0500,778688174096646144,thirokazu_uc,HiRo,,ãƒ“ã‚¿ãƒŸãƒ³Dã¨COVID-19: é‡è¦ãªç ”ç©¶å ±å‘Š  ãƒ“ã‚¿ãƒŸãƒ³Dã«ã€COVID-19æ„ŸæŸ“ç—‡ã®é‡ç—‡åŒ–äºˆé˜²åŠ¹æœãŒã‚ã‚‹ã“ã¨ãŒã€æœ€æ–°ã®è«–æ–‡ã§ç¢ºèªã•ã‚Œã¦ã„ã¾ã™ã€‚ https://t.co/lmRwiE614K,ja,[],['https://www.drmitsuo.com/2021/10/20/vitamindcovid-1920212/'],[],0,3,5,[],[],https://twitter.com/thirokazu_uc/status/1464031824678506496,False,,0,,,,,,,,[],,,,
1464031817497993219,1464031817497993219,2021-11-25 19:42:40 EST,2021-11-25,19:42:40,-0500,1174376438025400320,kikemuchaypina,kike MB.,,El metropolitano de Lima  es una bomba de tiempo (repleto) sin distanciamiento en plena tercera ola de la covid 19...autoridades hagan algo porfavor..!!!  https://t.co/AdDpj8rI4m,es,[],[],['https://pbs.twimg.com/media/FFFJKulXsAAr9--.jpg'],0,0,0,[],[],https://twitter.com/KikeMuchaypina/status/1464031817497993219,False,https://twitter.com/KikeBravoPrado/status/1463696116885733383,1,https://pbs.twimg.com/media/FFFJKulXsAAr9--.jpg,,,,,,,[],,,,
1464031815577001984,1464031815577001984,2021-11-25 19:42:39 EST,2021-11-25,19:42:39,-0500,11591892,pastexpiry,'cartoon' on RedBubble.,,2021: 5 star rating. Available on over 80 products! #stickers #tshirts #pillows #mugs #masks  https://t.co/KVjvrcn0WZ #tshirt #COVID19,en,[],['https://www.redbubble.com/shop/ap/93542587'],[],0,0,0,"['stickers', 'tshirts', 'pillows', 'mugs', 'masks', 'tshirt', 'covid19']",[],https://twitter.com/pastexpiry/status/1464031815577001984,False,,0,,,,,,,,[],,,,
1464031806605479936,1464031806605479936,2021-11-25 19:42:37 EST,2021-11-25,19:42:37,-0500,735716042,psn_si,PSN.si,,"#Tijuana En comparaciÃ³n a los primeros tres dÃ­as de aplicaciÃ³n de la vacuna anticovid-19 para los menores de 15 a 17 aÃ±os, este jueves las filas disminuyeron. #VacunaciÃ³n #COVID19  Lee aquÃ­ la nota:  https://t.co/Q91qNHDhOL",es,[],['https://psn.si/reducen-tiempos-espera-vacuna-anticovid-cv/2021/11/'],[],0,0,0,"['tijuana', 'vacunaciÃ³n', 'covid19']",[],https://twitter.com/psn_si/status/1464031806605479936,False,,0,,,,,,,,[],,,,
1464031804155998210,1464026941812576261,2021-11-25 19:42:37 EST,2021-11-25,19:42:37,-0500,74826832,alxrangel,Covid-19 Last StandğŸ’‰,,@Geayled Y que dije yo?,es,[],[],[],0,0,0,[],[],https://twitter.com/AlxRangel/status/1464031804155998210,False,,0,,,,,,,,"[{'screen_name': 'Geayled', 'name': ""Gea (Taylor's Version)"", 'id': '27578829'}]",,,,
1464031800649564162,1464031800649564162,2021-11-25 19:42:36 EST,2021-11-25,19:42:36,-0500,1259491957186990082,tellusdaily1,tellusdaily,,"Holiday COVID-19 precautions depend on vaccination status, symptoms: Ontario top doctor |Â  https://t.co/u1EDXCKEkL  https://t.co/5LdWlMJMiO",en,[],"['http://Globalnews.ca', 'https://tellusdaily.com/2021/11/26/vacation-covid-19-precautions-rely-on-vaccination-standing-signs-ontario-high-physician-globalnews-ca/']",[],0,0,0,[],[],https://twitter.com/tellusdaily1/status/1464031800649564162,False,,0,,,,,,,,[],,,,
1464031792684404737,1464031792684404737,2021-11-25 19:42:34 EST,2021-11-25,19:42:34,-0500,261941210,danutakozaki,Danuta Kozaki,,#COVID19 #variant described 'worst one yet' emerges in #SouthAfrica prompting #UK to ban travel from 6 countries. #British travellers returning from those countries will have to quarantine. Less than 25% South Africans fully #vaccinated  https://t.co/WbYN6BgJqO via @ABCaustralia,en,"[{'screen_name': 'abcaustralia', 'name': 'abc australia', 'id': '16714896'}]",['https://www.abc.net.au/news/2021-11-26/africa-travel-restrictions-imposed-over-new-covid-19/100652438?utm_campaign=abc_news_web&utm_content=twitter&utm_medium=content_shared&utm_source=abc_news_web'],[],0,0,0,"['covid19', 'variant', 'southafrica', 'uk', 'british', 'vaccinated']",[],https://twitter.com/danutakozaki/status/1464031792684404737,False,,0,,,,,,,,[],,,,
1464031788028907525,1340629003649081344,2021-11-25 19:42:33 EST,2021-11-25,19:42:33,-0500,1164527955399401472,medicalscitech,Medical Science and Technology #earlytreatments,,"Dr @mvankerkhove gives an update on #COVID19 virus variant B.1.1.529, during the #AskWHO session on 25 November 2021 â¬‡ï¸  https://t.co/043PSkbDzh",en,"[{'screen_name': 'mvankerkhove', 'name': 'maria van kerkhove', 'id': '2178775035'}]",['https://twitter.com/WHO/status/1464006046586974211'],[],0,0,0,"['covid19', 'askwho']",[],https://twitter.com/MedicalScitech/status/1464031788028907525,False,https://twitter.com/WHO/status/1464006046586974211,0,,,,,,,,[],,,,
1464031786829242371,1464031786829242371,2021-11-25 19:42:33 EST,2021-11-25,19:42:33,-0500,2253094902,kellywark1,kelly wark,,Femicide rates on the rise amid COVID-19 pandemic: Canadian researcher  https://t.co/8ZK5X8hHvK,en,[],['https://www.ctvnews.ca/health/coronavirus/femicide-rates-on-the-rise-amid-covid-19-pandemic-canadian-researcher-1.5681807'],[],1,0,0,[],[],https://twitter.com/kellywark1/status/1464031786829242371,False,,0,,,,,,,,[],,,,
1464031786703413265,1464031786703413265,2021-11-25 19:42:33 EST,2021-11-25,19:42:33,-0500,109374325,revistazocalo,Revista ZÃ³calo,,El presidente @lopezobrador_ celebrÃ³ el entendimiento que tuvo con empresarios en una reuniÃ³n que se realizÃ³ esta semana. AgregÃ³ que hay un buen Ã¡nimo con el sector privado porque la economÃ­a se estÃ¡ recuperando luego de la crisis por #COVID19.  https://t.co/fUWCldaLrN,es,"[{'screen_name': 'lopezobrador_', 'name': 'andrÃ©s manuel', 'id': '82119937'}]",['https://www.revistazocalo.com/celebra-amlo-entendimiento-con-empresarios-reitera-que-hay-recuperacion-economica-tras-crisis-por-covid-19/'],[],0,0,0,['covid19'],[],https://twitter.com/RevistaZocalo/status/1464031786703413265,False,,0,,,,,,,,[],,,,
1464031782463025160,1464031782463025160,2021-11-25 19:42:31 EST,2021-11-25,19:42:31,-0500,383589707,tpm_news,Top Most Popular News,,COVID-19: Some experts now reconsidering use of plasticÂ dividers  https://t.co/WSwFMxB6t1,en,[],['https://topmostpopular.com/covid-19-some-experts-now-reconsidering-use-of-plastic-dividers/'],[],0,0,0,[],[],https://twitter.com/TPM_NEWS/status/1464031782463025160,False,,0,,,,,,,,[],,,,
1464031781301231617,1464031781301231617,2021-11-25 19:42:31 EST,2021-11-25,19:42:31,-0500,725764948589039621,milla5milla,Jorge Milla,,#COVID19,und,[],[],[],0,0,0,['covid19'],[],https://twitter.com/Milla5Milla/status/1464031781301231617,False,https://twitter.com/spectatorindex/status/1463980821509914631,0,,,,,,,,[],,,,
1464031771905822720,1464031705417670659,2021-11-25 19:42:29 EST,2021-11-25,19:42:29,-0500,840100625178214404,bhp_semarang,Balai Harta Peninggalan Semarang,,"Dengan adanya SILAK diharapkan mampu untuk mempercepat pelayanan administrasi kepegawaian, mereformasi pelayanan publik, menerapkan e-Government menuju Good Governance dan Clean Government serta percepatan penanganan Covid-19.  #KumhamPasti @Kemenkumham_RI #wbkwbbm  #Kemenkumham  https://t.co/N90iyvlJ1W",in,"[{'screen_name': 'kemenkumham_ri', 'name': '#kamipasti', 'id': '337900378'}]",[],['https://pbs.twimg.com/media/FFFItkYVcAAcPBc.jpg'],1,0,0,"['kumhampasti', 'wbkwbbm', 'kemenkumham']",[],https://twitter.com/bhp_semarang/status/1464031771905822720,False,,1,https://pbs.twimg.com/media/FFFItkYVcAAcPBc.jpg,,,,,,,[],,,,
1464031765358686213,1464031765358686213,2021-11-25 19:42:27 EST,2021-11-25,19:42:27,-0500,1413847110718423046,besthinditech1,Best Hindi Tech,,Femicide rates on the rise amid COVID-19 pandemic: CanadianÂ researcher  https://t.co/TyflIgRXqe,en,[],['https://news.besthinditech.com/femicide-rates-on-the-rise-amid-covid-19-pandemic-canadian-researcher/'],[],0,0,0,[],[],https://twitter.com/BestHindiTech1/status/1464031765358686213,False,,0,,,,,,,,[],,,,
1464031761982230531,1464031761982230531,2021-11-25 19:42:27 EST,2021-11-25,19:42:27,-0500,1379148918836097026,valjuste1,Val Juste,,Finalement ! #Canada #COVID19 #NoVaccineMandates #NoVaccinePassports  #corruption #HumanRights,fr,[],[],[],0,0,1,"['canada', 'covid19', 'novaccinemandates', 'novaccinepassports', 'corruption', 'humanrights']",[],https://twitter.com/ValJuste1/status/1464031761982230531,False,https://twitter.com/LitigationGuy/status/1463956309368348682,0,,,,,,,,[],,,,
1464031753149034501,1464031753149034501,2021-11-25 19:42:25 EST,2021-11-25,19:42:25,-0500,259341136,proyectoun0,Proyecto Uno ğŸ“°,,#Mundo | Detectan en #SudÃ¡frica variante nueva de #COVID19 en repunte  https://t.co/Td15GRwxAX,es,[],['https://proyectouno.com.mx/mundo/detectan-en-sudafrica-variante-nueva-de-covid-19-en-repunte'],[],0,1,0,"['mundo', 'sudÃ¡frica', 'covid19']",[],https://twitter.com/proyectoun0/status/1464031753149034501,False,,0,,,,,,,,[],,,,
1464031747109236739,1464031747109236739,2021-11-25 19:42:23 EST,2021-11-25,19:42:23,-0500,1255298990108823552,45_24anna,4Morals&Virtue,,Pfizer/BioNTech Announces Child COVID-19 Vaccine Trial Results  https://t.co/2fXIvtIkTp,en,[],['https://www.theepochtimes.com/pfizer-biontech-announces-children-covid-19-vaccine-trial-results_4063298.html'],[],0,0,0,[],[],https://twitter.com/45_24Anna/status/1464031747109236739,False,,0,,,,,,,,[],,,,
